{"valueType":"nodes","values":[{"_typeName":"Profile","id":"cjse62pc863nv0b07h7kwzwkd","updatedAt":"2019-02-21T05:09:13.544Z","username":"samdd","createdAt":"2019-02-21T05:09:13.544Z"},{"_typeName":"Profile","id":"cjse62r8m63oe0b07qib08lbk","updatedAt":"2019-02-21T05:09:16.005Z","username":"samdd2","createdAt":"2019-02-21T05:09:16.005Z"},{"_typeName":"Profile","id":"cjse62tda766h0b64j1clkngj","updatedAt":"2019-02-21T05:09:18.766Z","username":"samdd23","createdAt":"2019-02-21T05:09:18.766Z"},{"_typeName":"Profile","id":"cjse62vo076760b647hyk4kb2","updatedAt":"2019-02-21T05:09:21.744Z","username":"samdd243","createdAt":"2019-02-21T05:09:21.744Z"},{"_typeName":"Profile","id":"cjse62xju63pq0b0789b2c8mz","updatedAt":"2019-02-21T05:09:24.185Z","username":"samdd2435","createdAt":"2019-02-21T05:09:24.185Z"},{"_typeName":"ThemeColors","id":"cjse65eaq76pt0b64twjfi50v","updatedAt":"2019-02-21T05:11:19.196Z","background":"black","accent":"red","createdAt":"2019-02-21T05:11:19.196Z","primary":"blue"},{"_typeName":"Theme","id":"cjse65eak76ps0b64i3kjf960","updatedAt":"2019-02-21T05:11:19.196Z","createdAt":"2019-02-21T05:11:19.196Z","css":""},{"_typeName":"GuildGuest","id":"cjse63h7c76cf0b64znod7jmk","createdAt":"2019-02-21T05:09:49.656Z","updatedAt":"2019-02-21T05:09:49.656Z","nickname":"tom"},{"_typeName":"GuildGuest","id":"cjse63jid63u80b07evpangsl","createdAt":"2019-02-21T05:09:52.645Z","updatedAt":"2019-02-21T05:09:52.645Z","nickname":"tom"},{"_typeName":"GuildGuest","id":"cjse63ljq76dp0b64ctjn4nna","createdAt":"2019-02-21T05:09:55.286Z","updatedAt":"2019-02-21T05:09:55.286Z","nickname":"tom"},{"_typeName":"GuildGuest","id":"cjse63nel63v80b070iens5j4","createdAt":"2019-02-21T05:09:57.693Z","updatedAt":"2019-02-21T05:09:57.693Z","nickname":"tom"},{"_typeName":"GuildGuest","id":"cjse63t3n63wl0b07k1co8d38","createdAt":"2019-02-21T05:10:05.075Z","updatedAt":"2019-02-21T05:10:05.075Z","nickname":"tom"},{"_typeName":"Guild","id":"cjse60nm3638x0b07qr71ti21","updatedAt":"2019-02-21T05:07:37.995Z","snowflake":"436136130035843082","createdAt":"2019-02-21T05:07:37.995Z"},{"_typeName":"Guild","id":"cjse622iv63j70b07k441g8y4","updatedAt":"2019-02-21T05:08:43.975Z","snowflake":"299881420891881473","createdAt":"2019-02-21T05:08:43.975Z"}]}