{"valueType":"relations","values":[[{"_typeName":"GuildGuest","id":"cjse63h7c76cf0b64znod7jmk","fieldName":"guild"},{"_typeName":"Guild","id":"cjse60nm3638x0b07qr71ti21","fieldName":"guests"}],[{"_typeName":"GuildGuest","id":"cjse63jid63u80b07evpangsl","fieldName":"guild"},{"_typeName":"Guild","id":"cjse60nm3638x0b07qr71ti21","fieldName":"guests"}],[{"_typeName":"GuildGuest","id":"cjse63ljq76dp0b64ctjn4nna","fieldName":"guild"},{"_typeName":"Guild","id":"cjse60nm3638x0b07qr71ti21","fieldName":"guests"}],[{"_typeName":"GuildGuest","id":"cjse63nel63v80b070iens5j4","fieldName":"guild"},{"_typeName":"Guild","id":"cjse60nm3638x0b07qr71ti21","fieldName":"guests"}],[{"_typeName":"GuildGuest","id":"cjse63t3n63wl0b07k1co8d38","fieldName":"guild"},{"_typeName":"Guild","id":"cjse622iv63j70b07k441g8y4","fieldName":"guests"}],[{"_typeName":"Theme","id":"cjse65eak76ps0b64i3kjf960","fieldName":"guilds"},{"_typeName":"Guild","id":"cjse622iv63j70b07k441g8y4","fieldName":"theme"}],[{"_typeName":"Profile","id":"cjse62pc863nv0b07h7kwzwkd","fieldName":"guests"},{"_typeName":"GuildGuest","id":"cjse63h7c76cf0b64znod7jmk","fieldName":"profile"}],[{"_typeName":"Profile","id":"cjse62r8m63oe0b07qib08lbk","fieldName":"guests"},{"_typeName":"GuildGuest","id":"cjse63jid63u80b07evpangsl","fieldName":"profile"}],[{"_typeName":"Profile","id":"cjse62tda766h0b64j1clkngj","fieldName":"guests"},{"_typeName":"GuildGuest","id":"cjse63ljq76dp0b64ctjn4nna","fieldName":"profile"}],[{"_typeName":"Profile","id":"cjse62vo076760b647hyk4kb2","fieldName":"guests"},{"_typeName":"GuildGuest","id":"cjse63nel63v80b070iens5j4","fieldName":"profile"}],[{"_typeName":"Profile","id":"cjse62pc863nv0b07h7kwzwkd","fieldName":"guests"},{"_typeName":"GuildGuest","id":"cjse63t3n63wl0b07k1co8d38","fieldName":"profile"}],[{"_typeName":"ThemeColors","id":"cjse65eaq76pt0b64twjfi50v","fieldName":"theme"},{"_typeName":"Theme","id":"cjse65eak76ps0b64i3kjf960","fieldName":"colors"}]]}